City_ID,City,Lat,Lng,Max Temp,Humidity,Cloudiness,Wind Speed,Country,Date
0,Serpneve,46.3009,29.0196,40.59,60,58,18.25,UA,2022-04-12 00:13:14
1,Busselton,-33.65,115.3333,61.05,77,0,12.17,AU,2022-04-12 00:07:57
2,Bredasdorp,-34.5322,20.0403,65.19,71,1,0.83,ZA,2022-04-12 00:08:17
3,Rio Gallegos,-51.6226,-69.2181,42.85,65,0,11.5,AR,2022-04-12 00:09:39
4,East London,-33.0153,27.9116,65.59,84,100,8.52,ZA,2022-04-12 00:07:45
5,Toamasina,-18.1667,49.3833,73.87,87,39,8.81,MG,2022-04-12 00:13:53
6,Roald,62.5833,6.1333,39.34,75,75,2.3,NO,2022-04-12 00:07:47
7,Narsaq,60.9167,-46.05,39.42,49,90,11.65,GL,2022-04-12 00:08:04
8,Tuskegee,32.424,-85.6916,66.24,100,100,7.4,US,2022-04-12 00:13:54
9,Tasiilaq,65.6145,-37.6368,15.96,87,100,4.97,GL,2022-04-12 00:07:41
10,Port Alfred,-33.5906,26.891,66.18,89,99,3.0,ZA,2022-04-12 00:07:33
11,Port-Cartier,50.0334,-66.8654,31.64,98,89,4.85,CA,2022-04-12 00:09:26
12,Ushuaia,-54.8,-68.3,39.83,82,98,4.45,AR,2022-04-12 00:02:35
13,Rio Grande,-32.035,-52.0986,66.94,85,100,9.08,BR,2022-04-12 00:13:55
14,Sao Filipe,14.8961,-24.4956,71.49,74,82,12.33,CV,2022-04-12 00:09:45
15,Klaksvik,62.2266,-6.589,41.92,78,100,25.88,FO,2022-04-12 00:06:13
16,Pascagoula,30.3658,-88.5561,69.84,90,20,14.97,US,2022-04-12 00:10:42
17,Ruwi,23.5996,58.5507,85.69,26,0,7.2,OM,2022-04-12 00:13:56
18,Jamestown,42.097,-79.2353,53.71,70,100,6.91,US,2022-04-12 00:07:44
19,Honningsvag,70.9821,25.9704,37.15,81,100,9.22,NO,2022-04-12 00:09:28
20,Longyearbyen,78.2186,15.6401,4.84,72,0,4.61,SJ,2022-04-12 00:07:52
21,Saldanha,-33.0117,17.9442,65.41,62,0,7.54,ZA,2022-04-12 00:07:51
22,Storebo,60.0948,5.2271,38.26,75,100,4.72,NO,2022-04-12 00:13:58
23,Abu Samrah,35.3029,37.1841,52.03,71,8,26.08,SY,2022-04-12 00:13:58
24,Tessalit,20.1986,1.0114,80.98,5,6,5.66,ML,2022-04-12 00:13:59
25,Sabya,17.1495,42.6254,85.48,47,0,6.31,SA,2022-04-12 00:13:59
26,Cidreira,-30.1811,-50.2056,69.04,93,91,12.53,BR,2022-04-12 00:08:29
27,Cape Town,-33.9258,18.4232,71.91,56,16,4.0,ZA,2022-04-12 00:07:23
28,Rumuruti,0.267,36.5389,57.87,80,56,4.47,KE,2022-04-12 00:14:00
29,Mar Del Plata,-38.0023,-57.5575,57.22,89,40,8.99,AR,2022-04-12 00:07:25
30,Uromi,6.7,6.3333,71.35,81,100,5.26,NG,2022-04-12 00:14:00
31,Elizabeth City,36.2946,-76.2511,67.01,76,0,5.75,US,2022-04-12 00:14:01
32,Upernavik,72.7868,-56.1549,14.49,95,100,8.25,GL,2022-04-12 00:07:35
33,Areka,7.0667,37.7,60.82,92,100,0.69,ET,2022-04-12 00:14:01
34,Punta Arenas,-53.15,-70.9167,42.91,75,0,16.11,CL,2022-04-12 00:08:27
35,Hermanus,-34.4187,19.2345,66.79,61,6,5.75,ZA,2022-04-12 00:07:38
36,Saint George,37.1041,-113.5841,76.62,18,0,40.29,US,2022-04-12 00:07:44
37,Khromtau,50.2503,58.4347,42.69,94,15,9.89,KZ,2022-04-12 00:14:02
38,Ribeira Grande,38.5167,-28.7,60.89,92,100,12.1,PT,2022-04-12 00:07:32
39,Ndele,8.4109,20.6473,78.66,61,72,5.14,CF,2022-04-12 00:14:03
40,Belyy Yar,53.6039,91.3903,24.69,68,98,4.47,RU,2022-04-12 00:14:03
41,Comodoro Rivadavia,-45.8667,-67.5,53.46,66,40,17.27,AR,2022-04-12 00:07:27
42,Ullapool,57.8987,-5.1604,45.36,87,100,8.88,GB,2022-04-12 00:14:04
43,Clyde River,70.4692,-68.5914,-7.74,100,35,3.58,CA,2022-04-12 00:07:30
44,Krasnoselkup,65.7,82.4667,33.01,99,100,7.09,RU,2022-04-12 00:10:49
45,Victoria,22.2855,114.1577,78.85,84,0,3.0,HK,2022-04-12 00:03:25
46,Mezhdurechensk,53.6942,88.0603,20.75,89,24,2.01,RU,2022-04-12 00:14:05
47,Bengkulu,-3.8004,102.2655,75.11,90,98,3.53,ID,2022-04-12 00:14:06
48,Akonolinga,3.7667,12.25,68.58,99,38,1.63,CM,2022-04-12 00:14:06
49,Georgetown,5.4112,100.3354,78.73,89,20,0.0,MY,2022-04-12 00:09:41
50,Port Elizabeth,-33.918,25.5701,65.32,91,71,5.01,ZA,2022-04-12 00:05:02
51,Suruc,36.9761,38.425,49.24,75,0,21.77,TR,2022-04-12 00:14:08
52,Aranos,-24.1333,19.1167,64.89,60,0,11.03,NA,2022-04-12 00:14:08
53,Horta,38.5333,-28.6333,60.03,93,100,11.99,PT,2022-04-12 00:14:07
54,Westport,41.1415,-73.3579,53.28,62,0,8.05,US,2022-04-12 00:14:09
55,Castro,-24.7911,-50.0119,64.11,94,87,2.28,BR,2022-04-12 00:08:32
56,Olinda,-8.0089,-34.8553,79.79,71,86,5.77,BR,2022-04-12 00:03:35
57,Benguela,-12.5763,13.4055,76.26,85,89,2.28,AO,2022-04-12 00:14:09
58,Araouane,18.9048,-3.5265,82.85,5,12,8.72,ML,2022-04-12 00:14:10
59,Nosy Varika,-20.5833,48.5333,75.0,78,71,7.18,MG,2022-04-12 00:14:10
60,Gogosari,43.8667,25.7,39.13,78,70,5.39,RO,2022-04-12 00:14:11
61,Novoagansk,61.9449,76.6625,30.15,97,100,6.29,RU,2022-04-12 00:14:11
62,Abha,18.2164,42.5053,61.05,48,0,0.0,SA,2022-04-12 00:10:25
63,Codrington,-38.2667,141.9667,58.73,52,100,7.52,AU,2022-04-12 00:08:20
64,Namibe,-15.1961,12.1522,77.7,74,96,10.76,AO,2022-04-12 00:07:36
65,Vila Velha,-20.3297,-40.2925,78.75,87,40,2.3,BR,2022-04-12 00:07:32
66,Hamilton,39.1834,-84.5333,59.09,90,100,10.36,US,2022-04-12 00:09:04
67,Gwembe,-16.4975,27.6069,63.07,84,100,1.39,ZM,2022-04-12 00:14:13
68,Minna,9.6139,6.5569,84.25,51,54,7.65,NG,2022-04-12 00:14:13
69,Luanda,-8.8368,13.2343,77.77,85,52,5.53,AO,2022-04-12 00:08:32
70,Harlingen,26.1906,-97.6961,83.05,52,0,21.85,US,2022-04-12 00:14:13
71,Feijo,-8.1642,-70.3536,74.84,93,53,2.82,BR,2022-04-12 00:14:14
72,Tamandare,-8.7597,-35.1047,77.67,74,24,5.12,BR,2022-04-12 00:11:07
73,Peniche,39.3558,-9.3811,57.29,92,98,11.65,PT,2022-04-12 00:07:54
74,La Asuncion,11.0333,-63.8628,77.59,87,38,17.27,VE,2022-04-12 00:14:15
75,Valenca Do Piaui,-6.4075,-41.7456,71.8,92,44,2.98,BR,2022-04-12 00:14:15
76,Mega,4.05,38.3,60.69,75,95,4.63,ET,2022-04-12 00:14:15
77,Morro Agudo,-20.7314,-48.0578,74.68,68,81,1.05,BR,2022-04-12 00:14:16
78,Carutapera,-1.195,-46.02,77.38,89,100,6.64,BR,2022-04-12 00:12:08
79,Vestmanna,62.1564,-7.1664,40.12,75,75,19.57,FO,2022-04-12 00:14:17
80,Chuy,-33.6971,-53.4616,67.37,93,54,5.46,UY,2022-04-12 00:08:21
81,Souillac,-20.5167,57.5167,76.89,79,17,16.58,MU,2022-04-12 00:07:28
82,Luderitz,-26.6481,15.1594,68.09,54,0,3.42,NA,2022-04-12 00:07:53
83,Rocha,-34.4833,-54.3333,64.85,93,20,4.27,UY,2022-04-12 00:08:56
84,Komsomolets,53.7453,62.0708,41.79,70,100,10.22,KZ,2022-04-12 00:14:18
85,Talovaya,51.1144,40.73,52.34,81,31,13.49,RU,2022-04-12 00:14:19
86,Qaanaaq,77.484,-69.3632,-7.22,72,25,5.77,GL,2022-04-12 00:07:48
87,Margate,51.3813,1.3862,54.1,81,100,1.01,GB,2022-04-12 00:09:58
88,Karasjok,69.4719,25.5112,25.61,93,89,9.44,NO,2022-04-12 00:14:19
89,Nizhniy Odes,63.6445,54.856,36.05,100,100,7.45,RU,2022-04-12 00:14:20
90,Torbay,47.6666,-52.7314,35.58,90,100,11.99,CA,2022-04-12 00:07:58
91,Tecuci,45.8497,27.4344,42.42,54,5,13.53,RO,2022-04-12 00:14:20
92,Oussouye,12.485,-16.5469,70.59,76,3,8.61,SN,2022-04-12 00:14:21
93,Mogadishu,2.0371,45.3438,81.64,78,90,6.76,SO,2022-04-12 00:09:52
94,Paamiut,61.994,-49.6678,26.6,77,100,9.28,GL,2022-04-12 00:08:22
95,Taltal,-25.4,-70.4833,61.43,79,22,3.78,CL,2022-04-12 00:12:20
96,Nanortalik,60.1432,-45.2371,32.14,75,100,9.28,GL,2022-04-12 00:08:47
97,Caravelas,-17.7125,-39.2481,76.32,82,28,2.89,BR,2022-04-12 00:08:30
98,Bilma,18.6853,12.9164,85.33,6,0,5.64,NE,2022-04-12 00:08:46
99,Touros,-5.1989,-35.4608,79.25,77,100,10.11,BR,2022-04-12 00:09:59
100,Kupino,54.3663,77.2981,31.89,70,89,7.34,RU,2022-04-12 00:14:23
101,Sao Sebastiao,-23.76,-45.4097,74.55,90,43,8.81,BR,2022-04-12 00:14:23
102,Dera Ismail Khan,31.8327,70.9024,81.63,12,70,7.61,PK,2022-04-12 00:14:24
103,Tabou,4.423,-7.3528,79.93,88,55,5.23,CI,2022-04-12 00:10:35
104,Umm Kaddadah,13.6017,26.6876,76.78,12,11,6.55,SD,2022-04-12 00:08:11
105,Mahebourg,-20.4081,57.7,74.25,75,18,17.78,MU,2022-04-12 00:07:47
106,Sepuka,-4.75,34.5333,62.96,77,82,10.6,TZ,2022-04-12 00:14:25
107,Belousovka,50.1339,82.5239,29.25,93,33,2.24,KZ,2022-04-12 00:14:25
108,Saint Anthony,45.0205,-93.218,57.24,38,0,13.8,US,2022-04-12 00:04:09
109,Hithadhoo,-0.6,73.0833,83.34,67,47,11.83,MV,2022-04-12 00:07:27
110,Goderich,43.7501,-81.7165,51.91,73,100,8.1,CA,2022-04-12 00:08:02
111,Opuwo,-18.0607,13.84,66.13,79,82,2.55,NA,2022-04-12 00:14:26
112,Puerto Ayora,-0.7393,-90.3518,78.55,94,100,5.99,EC,2022-04-12 00:14:27
113,Calvinia,-31.4707,19.776,63.3,50,13,5.39,ZA,2022-04-12 00:14:28
114,Ormara,25.2088,64.6357,78.37,78,0,2.62,PK,2022-04-12 00:10:08
115,Jumla,29.2747,82.1838,50.31,68,76,3.44,NP,2022-04-12 00:14:28
116,Sistranda,63.7256,8.834,39.16,76,100,21.45,NO,2022-04-12 00:10:31
117,Aswan,24.0934,32.907,78.44,17,0,19.08,EG,2022-04-12 00:11:01
118,Takoradi,4.8845,-1.7554,80.82,86,75,7.47,GH,2022-04-12 00:11:48
119,Rosario Do Sul,-30.2583,-54.9142,66.87,94,90,0.69,BR,2022-04-12 00:10:40
120,San Jose,37.3394,-121.895,58.19,36,40,24.16,US,2022-04-12 00:13:48
121,Kruisfontein,-34.0033,24.7314,62.53,90,17,3.4,ZA,2022-04-12 00:07:37
122,Korla,41.7597,86.1469,56.59,37,47,5.64,CN,2022-04-12 00:11:30
123,Kyzyl-Suu,42.3414,78.0056,51.31,45,93,6.62,KG,2022-04-12 00:10:42
124,Meridian,43.6121,-116.3915,45.16,39,0,28.77,US,2022-04-12 00:13:01
125,Anloga,5.7947,0.8973,82.17,85,26,10.13,GH,2022-04-12 00:14:31
126,Eresos,39.1667,25.9333,50.59,62,18,9.51,GR,2022-04-12 00:14:32
127,San-Pedro,4.7485,-6.6363,78.39,92,77,5.06,CI,2022-04-12 00:14:32
128,Hammerfest,70.6634,23.6821,32.45,100,75,26.46,NO,2022-04-12 00:14:33
129,Vardo,70.3705,31.1107,32.86,99,100,5.14,NO,2022-04-12 00:09:11
130,Otjimbingwe,-22.35,16.1333,70.57,30,0,2.53,NA,2022-04-12 00:14:34
131,Olavarria,-36.8927,-60.3225,55.02,76,36,1.57,AR,2022-04-12 00:14:34
132,Port-Gentil,-0.7193,8.7815,80.24,85,42,12.64,GA,2022-04-12 00:07:53
133,Togur,58.3631,82.8265,18.55,97,44,4.25,RU,2022-04-12 00:14:34
134,Bathsheba,13.2167,-59.5167,79.41,83,75,14.97,BB,2022-04-12 00:09:28
135,Chavakkad,10.5333,76.05,80.4,84,100,2.64,IN,2022-04-12 00:14:35
136,Ambilobe,-13.2,49.05,70.77,90,75,3.38,MG,2022-04-12 00:09:02
137,Faya,18.3851,42.4509,61.32,48,2,1.81,SA,2022-04-12 00:09:13
138,Conakry,9.538,-13.6773,77.72,81,35,6.4,GN,2022-04-12 00:14:36
139,La Rioja,42.25,-2.5,47.98,79,100,7.14,ES,2022-04-12 00:08:25
140,Viedma,-40.8135,-62.9967,53.71,66,77,1.97,AR,2022-04-12 00:08:51
141,Arendonk,51.3227,5.0829,52.81,62,100,7.36,BE,2022-04-12 00:14:37
142,Ailigandi,9.2333,-78.0167,80.1,85,100,13.47,PA,2022-04-12 00:14:37
143,Piacabucu,-10.4056,-36.4344,77.97,74,20,7.87,BR,2022-04-12 00:10:58
144,Los Llanos De Aridane,28.6585,-17.9182,62.35,81,75,5.99,ES,2022-04-12 00:09:11
145,Rawson,-43.3002,-65.1023,58.5,50,83,18.23,AR,2022-04-12 00:09:08
146,Iqaluit,63.7506,-68.5145,16.7,72,40,15.99,CA,2022-04-12 00:09:20
147,Eyl,7.9803,49.8164,79.74,82,14,4.61,SO,2022-04-12 00:10:37
148,Kulhudhuffushi,6.6221,73.07,84.24,73,17,10.22,MV,2022-04-12 00:08:28
149,Gat,31.61,34.7642,59.81,100,33,8.25,IL,2022-04-12 00:06:30
150,Nalut,30.3333,10.85,64.56,35,51,19.37,LY,2022-04-12 00:08:52
151,Berlevag,70.8578,29.0864,28.2,83,97,9.6,NO,2022-04-12 00:09:57
152,Birin,26.8865,88.0718,58.66,89,61,1.81,NP,2022-04-12 00:14:39
153,Bambous Virieux,-20.3428,57.7575,74.21,75,27,17.54,MU,2022-04-12 00:07:52
154,Wyszkow,52.5928,21.4584,41.14,88,35,4.9,PL,2022-04-12 00:14:40
155,Novaya Ladoga,60.1025,32.3019,32.52,92,77,4.52,RU,2022-04-12 00:14:40
156,Pimentel,-6.8367,-79.9342,68.74,86,78,16.2,PE,2022-04-12 00:14:41
157,Ponta Do Sol,32.6667,-17.1,61.43,72,90,12.01,PT,2022-04-12 00:07:29
158,Quatre Cocos,-20.2078,57.7625,74.08,72,53,17.31,MU,2022-04-12 00:08:15
159,Rorvik,64.8621,11.2373,40.39,77,100,6.13,NO,2022-04-12 00:09:21
160,Krasnoye,49.9145,24.6134,31.89,87,13,6.22,UA,2022-04-12 00:14:43
161,Aksu,41.1231,80.2644,58.68,35,89,7.47,CN,2022-04-12 00:14:43
162,Henties Bay,-22.116,14.2845,63.79,79,2,5.64,NA,2022-04-12 00:09:02
163,Tonj,7.2737,28.6822,77.74,62,100,3.33,SS,2022-04-12 00:14:44
164,Salinas,36.6777,-121.6555,59.99,53,0,27.63,US,2022-04-12 00:04:59
165,Itarema,-2.9248,-39.9167,78.19,84,78,9.66,BR,2022-04-12 00:08:48
166,Stromness,58.965,-3.296,42.87,83,100,21.99,GB,2022-04-12 00:14:45
167,Semey,50.4111,80.2275,30.42,74,0,4.47,KZ,2022-04-12 00:07:50
168,Thinadhoo,0.5333,72.9333,83.8,68,58,11.63,MV,2022-04-12 00:08:03
169,Ondjiva,-17.0667,15.7333,65.7,87,98,3.2,AO,2022-04-12 00:14:45
170,Bumba,2.1833,22.4667,70.88,88,42,2.21,CD,2022-04-12 00:14:45
171,Arraial Do Cabo,-22.9661,-42.0278,76.95,78,10,12.44,BR,2022-04-12 00:07:34
172,Dikson,73.5069,80.5464,11.37,93,100,23.62,RU,2022-04-12 00:07:34
173,Sabaudia,41.3003,13.0282,50.45,61,71,3.85,IT,2022-04-12 00:14:46
174,Verkhovazhye,60.7472,42.0465,34.41,99,100,4.09,RU,2022-04-12 00:14:46
175,Umm Lajj,25.0213,37.2685,75.79,69,0,7.63,SA,2022-04-12 00:10:53
176,Kafanchan,9.5833,8.3,78.13,52,72,3.49,NG,2022-04-12 00:14:47
177,Santo Antonio Do Ica,-3.1022,-67.9397,74.93,98,93,1.99,BR,2022-04-12 00:14:48
178,Bayji,34.9311,43.487,72.97,21,0,10.45,IQ,2022-04-12 00:11:51
179,Santander,43.4647,-3.8044,61.92,57,0,13.8,ES,2022-04-12 00:14:49
180,Bambari,5.768,20.6757,77.38,67,100,2.62,CF,2022-04-12 00:14:49
181,Oksfjord,70.2396,22.3479,34.0,98,100,10.8,NO,2022-04-12 00:14:50
182,Monze,-16.2833,27.4833,65.19,82,100,3.69,ZM,2022-04-12 00:14:50
183,Sinazongwe,-17.2614,27.4618,72.77,70,98,2.37,ZM,2022-04-12 00:09:38
184,San Rafael,-34.6177,-68.3301,57.69,43,21,7.16,AR,2022-04-12 00:12:36
185,Laguna,38.421,-121.4238,63.14,20,0,19.57,US,2022-04-12 00:11:53
186,Kousseri,12.0769,15.0306,91.78,29,46,7.36,CM,2022-04-12 00:09:10
187,Bonavista,48.6499,-53.1147,32.09,96,100,39.24,CA,2022-04-12 00:10:48
188,Bozoum,6.3193,16.3799,72.79,69,44,2.59,CF,2022-04-12 00:14:52
189,Alta Floresta,-9.8756,-56.0861,73.94,89,19,1.32,BR,2022-04-12 00:09:15
190,Gobabis,-22.45,18.9667,67.77,49,57,8.9,NA,2022-04-12 00:14:52
191,Zheleznodorozhnyy,55.7503,38.0042,37.62,97,100,7.87,RU,2022-04-12 00:14:53
192,Bella Vista,36.4295,-94.2316,60.28,93,100,10.36,US,2022-04-12 00:14:53
193,Kamskoye Ustye,55.2016,49.268,39.2,99,100,4.68,RU,2022-04-12 00:14:54
194,Madaoua,14.073,5.96,87.98,15,23,5.48,NE,2022-04-12 00:14:54
195,Pangoa,-12.1167,-73.0,70.0,98,100,2.15,PE,2022-04-12 00:14:55
196,Necochea,-38.5473,-58.7368,53.87,89,84,12.77,AR,2022-04-12 00:06:05
197,Pemba,-12.974,40.5178,79.39,79,25,11.01,MZ,2022-04-12 00:10:36
198,Kamenka,51.3223,42.7678,49.75,78,68,10.2,RU,2022-04-12 00:08:43
199,Coquimbo,-29.9533,-71.3436,59.36,79,1,3.06,CL,2022-04-12 00:08:42
200,Halifax,44.6453,-63.5724,48.09,68,80,8.08,CA,2022-04-12 00:13:59
201,Faisalabad,31.4167,73.0833,84.96,13,100,3.6,PK,2022-04-12 00:14:56
202,Havre-Saint-Pierre,50.2334,-63.5986,36.12,71,42,11.56,CA,2022-04-12 00:09:15
203,Vagur,61.4732,-6.8119,40.64,95,100,29.01,FO,2022-04-12 00:14:57
204,Kirishi,59.4471,32.0205,33.71,92,91,3.8,RU,2022-04-12 00:14:57
205,Lasa,46.6166,10.7002,38.35,73,77,0.96,IT,2022-04-12 00:10:26
206,Mechanicsville,37.6088,-77.3733,66.52,60,100,11.5,US,2022-04-12 00:14:58
207,Asmar,35.0333,71.3581,66.49,48,67,13.47,AF,2022-04-12 00:14:58
208,Timra,62.487,17.3257,34.56,82,61,8.93,SE,2022-04-12 00:14:59
209,Chingirlau,51.095,54.0814,46.33,85,89,7.74,KZ,2022-04-12 00:14:59
210,Parana,-31.732,-60.5238,69.51,98,54,7.65,AR,2022-04-12 00:10:57
211,Biltine,14.5333,20.9167,84.97,8,4,7.14,TD,2022-04-12 00:15:00
212,Lena,43.1,-5.7333,41.34,92,98,6.15,ES,2022-04-12 00:15:00
213,Mathathane,-22.2687,28.7495,69.31,74,77,6.87,BW,2022-04-12 00:15:01
214,Skovby,56.1534,9.957,35.44,80,67,2.55,DK,2022-04-12 00:15:01
215,Saint-Philippe,-21.3585,55.7679,74.79,85,96,14.99,RE,2022-04-12 00:07:43
216,Ladybrand,-29.1945,27.4574,46.13,83,56,2.35,ZA,2022-04-12 00:15:02
217,Hobyo,5.3505,48.5268,81.97,73,30,9.17,SO,2022-04-12 00:15:02
218,Kangema,-0.6833,36.9667,57.36,79,69,2.66,KE,2022-04-12 00:15:03
219,Bauchi,10.5,10.0,83.48,35,55,3.98,NG,2022-04-12 00:15:03
220,Ostrovnoy,68.0531,39.5131,31.05,88,71,21.21,RU,2022-04-12 00:07:55
221,Hattiesburg,31.3271,-89.2903,71.92,83,20,6.91,US,2022-04-12 00:11:00
222,Cornwall,45.0181,-74.7281,54.64,57,100,4.61,CA,2022-04-12 00:15:00
223,Krasnosilka,46.6226,30.7742,43.68,55,100,21.65,UA,2022-04-12 00:15:04
224,Pisco,-13.7,-76.2167,66.02,82,0,17.27,PE,2022-04-12 00:08:17
225,Ampanihy,-24.7,44.75,70.27,79,97,9.66,MG,2022-04-12 00:15:06
226,Benjamin Aceval,-24.9667,-57.5667,74.32,93,100,3.58,PY,2022-04-12 00:15:07
227,Xuddur,4.1213,43.8894,75.74,81,50,10.02,SO,2022-04-12 00:13:51
228,Marzuq,14.4,46.4667,70.29,23,0,5.91,YE,2022-04-12 00:12:26
229,Tabas,33.5959,56.9244,67.59,18,0,1.95,IR,2022-04-12 00:09:51
230,Mocuba,-16.8392,36.9856,69.76,98,9,2.35,MZ,2022-04-12 00:15:08
231,Mbala,-8.8402,31.3659,60.26,94,47,8.08,ZM,2022-04-12 00:15:09
232,Gamba,-2.65,10.0,77.13,91,100,3.4,GA,2022-04-12 00:15:09
233,Libenge,3.65,18.6333,71.98,74,23,0.63,CD,2022-04-12 00:15:10
234,Hambantota,6.1241,81.1185,79.48,85,100,8.81,LK,2022-04-12 00:12:24
235,Bridlington,54.0831,-0.1919,46.33,90,100,13.0,GB,2022-04-12 00:15:10
236,Artur Nogueira,-22.5731,-47.1725,71.04,78,98,3.11,BR,2022-04-12 00:15:11
237,Tiznit,29.5833,-9.5,56.89,74,37,5.77,MA,2022-04-12 00:15:11
238,Mizdah,31.4451,12.9801,53.37,59,7,10.67,LY,2022-04-12 00:15:12
239,Kutum,14.2,24.6667,73.98,10,0,5.68,SD,2022-04-12 00:11:14
240,Tahta,26.7693,31.5021,66.49,48,1,16.82,EG,2022-04-12 00:15:12
241,Harper,4.375,-7.7169,80.29,86,45,6.2,LR,2022-04-12 00:08:58
242,Cayenne,4.9333,-52.3333,82.09,1,75,8.05,GF,2022-04-12 00:08:10
243,Ambovombe,-25.1667,46.0833,72.5,85,100,16.35,MG,2022-04-12 00:08:09
244,Niquero,20.0431,-77.5828,79.34,68,61,22.46,CU,2022-04-12 00:15:13
245,Abu Zabad,12.35,29.25,80.26,56,52,7.96,SD,2022-04-12 00:15:14
246,Thompson,55.7435,-97.8558,31.15,77,100,4.07,CA,2022-04-12 00:10:47
247,Muros,42.7762,-9.0603,54.84,86,66,17.52,ES,2022-04-12 00:08:15
248,Santiago De Compostela,42.8805,-8.5457,52.18,87,75,11.5,ES,2022-04-12 00:15:14
249,Bud,39.447,-86.1758,59.92,95,100,7.27,US,2022-04-12 00:09:34
250,Mykhaylivka,47.2724,35.2224,43.74,88,100,17.81,UA,2022-04-12 00:15:15
251,Le Vauclin,14.5452,-60.8388,78.85,73,75,6.91,MQ,2022-04-12 00:15:15
252,Marataizes,-21.0433,-40.8244,75.31,85,5,5.88,BR,2022-04-12 00:15:16
253,Fleurus,50.4843,4.5518,53.17,61,0,4.61,BE,2022-04-12 00:15:16
254,Marawi,7.9986,124.2928,72.99,83,100,6.11,PH,2022-04-12 00:08:05
255,Urumqi,43.801,87.6005,41.95,36,0,2.24,CN,2022-04-12 00:07:56
256,Hearst,49.6835,-83.6665,35.65,91,100,16.55,CA,2022-04-12 00:09:22
257,Sao Joao Da Barra,-21.6403,-41.0511,76.64,83,13,9.15,BR,2022-04-12 00:06:33
258,Aksarka,66.5606,67.7975,34.11,100,100,9.62,RU,2022-04-12 00:15:18
259,Gazojak,41.1875,61.4036,60.91,50,59,7.65,TM,2022-04-12 00:15:19
260,Harindanga,22.0383,88.3214,81.68,74,80,15.37,IN,2022-04-12 00:15:19
261,Husavik,66.0449,-17.3389,29.23,93,100,8.34,IS,2022-04-12 00:07:51
262,Ancud,-41.8697,-73.8203,47.23,84,46,10.63,CL,2022-04-12 00:15:20
263,Douentza,14.9951,-2.9517,87.49,9,53,6.11,ML,2022-04-12 00:15:20
264,Bandarbeyla,9.4942,50.8122,78.75,81,4,2.35,SO,2022-04-12 00:09:59
265,Mvuma,-19.2792,30.5283,58.3,97,100,5.66,ZW,2022-04-12 00:15:21
266,Oranjestad,12.524,-70.027,80.55,78,20,23.02,AW,2022-04-12 00:15:21
267,Ilulissat,69.2167,-51.1,23.02,63,75,3.44,GL,2022-04-12 00:07:28
268,Gagra,43.3283,40.2239,52.72,99,100,2.62,GE,2022-04-12 00:15:22
269,Arlit,18.7369,7.3853,85.71,8,0,4.59,NE,2022-04-12 00:15:22
270,Macusani,-14.0833,-70.4333,38.79,93,99,2.51,PE,2022-04-12 00:15:23
271,Pelym,61.0108,61.9978,31.96,98,28,5.39,RU,2022-04-12 00:15:23
272,Natal,-5.795,-35.2094,80.82,83,20,5.75,BR,2022-04-12 00:15:24
273,Tucuma,-0.1833,-50.05,76.59,92,91,6.11,BR,2022-04-12 00:15:24
274,Nouadhibou,20.931,-17.0347,64.15,85,82,24.47,MR,2022-04-12 00:11:27
275,Axim,4.8699,-2.2405,81.07,85,65,7.87,GH,2022-04-12 00:11:25
276,Lysychovo,48.4968,23.2899,32.74,84,16,3.29,UA,2022-04-12 00:15:25
277,Doha,25.2867,51.5333,78.78,36,0,3.44,QA,2022-04-12 00:08:35
278,Bossangoa,6.4926,17.4552,75.09,63,33,2.19,CF,2022-04-12 00:15:25
279,Sokoni,-6.4333,39.55,83.12,76,90,13.85,TZ,2022-04-12 00:15:26
280,Ponta Delgada,37.7333,-25.6667,61.52,94,75,12.66,PT,2022-04-12 00:09:49
281,Moroto,2.5345,34.6666,69.69,60,56,5.84,UG,2022-04-12 00:15:26
282,Grand Gaube,-20.0064,57.6608,74.37,87,22,5.99,MU,2022-04-12 00:09:36
283,Ibatiba,-20.2339,-41.5106,64.54,98,17,3.36,BR,2022-04-12 00:15:27
284,Chapais,49.7834,-74.8492,40.78,92,100,8.05,CA,2022-04-12 00:15:27
285,Lodja,-3.4833,23.4333,73.15,87,91,0.27,CD,2022-04-12 00:15:28
286,Nuuk,64.1835,-51.7216,29.01,64,75,10.36,GL,2022-04-12 00:11:59
287,San Carlos De Bariloche,-41.1456,-71.3082,46.15,76,40,17.27,AR,2022-04-12 00:15:29
288,Yomou,7.5603,-9.2653,70.84,92,98,0.63,GN,2022-04-12 00:15:29
289,Urucui,-7.2294,-44.5561,77.83,84,80,3.31,BR,2022-04-12 00:15:29
290,Cururupu,-1.8283,-44.8683,75.54,94,100,3.8,BR,2022-04-12 00:12:02
291,Awjilah,29.1081,21.2869,61.66,40,0,10.13,LY,2022-04-12 00:11:11
292,Richards Bay,-28.783,32.0377,66.31,89,43,12.5,ZA,2022-04-12 00:09:51
293,Sechura,-5.5569,-80.8222,72.91,73,64,17.05,PE,2022-04-12 00:04:13
294,Hwange,-18.3693,26.5019,67.3,82,97,1.59,ZW,2022-04-12 00:15:31
295,Valdivia,-39.8142,-73.2459,50.09,99,100,2.42,CL,2022-04-12 00:15:26
296,Severnyy,50.677,36.5532,42.84,93,100,8.95,RU,2022-04-12 00:15:31
297,Sur,22.5667,59.5289,83.08,40,0,2.46,OM,2022-04-12 00:09:54
298,Lagoa,39.05,-27.9833,59.61,94,100,17.49,PT,2022-04-12 00:08:29
299,Nova Borova,50.693,28.6345,35.02,75,79,11.83,UA,2022-04-12 00:15:32
300,Gualaceo,-2.9,-78.7833,65.86,94,93,3.22,EC,2022-04-12 00:15:33
301,Mora,11.0461,14.1401,90.05,33,58,6.04,CM,2022-04-12 00:15:33
302,Puta,40.2967,49.6603,50.02,79,2,7.7,AZ,2022-04-12 00:15:34
303,Derbent,42.0678,48.2899,49.28,89,30,1.25,RU,2022-04-12 00:15:34
304,Sidi Ali,36.0998,0.4206,57.24,91,35,14.18,DZ,2022-04-12 00:15:35
305,Nileshwar,12.25,75.1,80.64,85,100,4.63,IN,2022-04-12 00:15:36
306,Sorland,67.667,12.6934,39.88,77,54,5.88,NO,2022-04-12 00:09:30
307,Dalhousie,32.5333,75.9833,61.14,26,90,8.3,IN,2022-04-12 00:15:06
308,Ghanzi,-21.5667,21.7833,71.11,56,78,8.9,BW,2022-04-12 00:15:36
309,Santiago,-33.4569,-70.6483,64.85,45,11,4.07,CL,2022-04-12 00:11:04
310,Qeshm,26.9581,56.2719,76.15,80,0,4.18,IR,2022-04-12 00:10:11
311,Oranjemund,-28.55,16.4333,66.16,56,1,1.19,NA,2022-04-12 00:11:46
312,Goure,13.9835,10.2704,79.84,10,22,4.03,NE,2022-04-12 00:15:37
313,Kharp,66.8014,65.8081,34.43,100,100,3.15,RU,2022-04-12 00:08:41
314,Kavaratti,10.5669,72.642,83.66,73,54,8.05,IN,2022-04-12 00:15:38
315,Arkhipovka,56.6629,41.2543,45.32,99,99,3.29,RU,2022-04-12 00:15:38
316,Weligama,5.9667,80.4167,78.39,84,96,4.63,LK,2022-04-12 00:15:38
317,Zelenogradsk,54.9589,20.4767,26.65,93,0,4.47,RU,2022-04-12 00:15:39
318,Ust-Ishim,57.6935,71.1665,26.98,93,5,4.36,RU,2022-04-12 00:15:40
319,Lerwick,60.1545,-1.1494,42.8,69,100,19.69,GB,2022-04-12 00:15:40
320,Buraydah,26.326,43.975,80.92,14,79,5.03,SA,2022-04-12 00:07:29
321,Raudeberg,61.9875,5.1352,35.96,82,99,6.67,NO,2022-04-12 00:10:06
322,Kalmar,56.6616,16.3616,33.96,92,23,1.01,SE,2022-04-12 00:15:41
323,Praia Da Vitoria,38.7333,-27.0667,60.76,96,90,10.2,PT,2022-04-12 00:11:00
324,Beloha,-25.1667,45.05,71.76,83,99,13.02,MG,2022-04-12 00:12:19
325,Rundu,-17.9333,19.7667,68.88,67,99,3.83,NA,2022-04-12 00:15:42
326,Atar,20.5169,-13.0499,80.22,13,96,6.53,MR,2022-04-12 00:10:32
327,Rochegda,62.8,43.25,29.75,98,96,3.2,RU,2022-04-12 00:15:42
328,Cartagena Del Chaira,1.3349,-74.8429,73.33,97,100,3.06,CO,2022-04-12 00:15:43
329,Terekli-Mekteb,44.1671,45.8698,48.99,95,9,11.77,RU,2022-04-12 00:15:43
330,Matadi,-5.8167,13.45,73.74,93,99,2.28,CD,2022-04-12 00:15:44
331,Bonthe,7.5264,-12.505,78.51,88,55,4.09,SL,2022-04-12 00:08:54
332,Saraipali,21.3333,83.0,80.8,42,81,4.47,IN,2022-04-12 00:15:44
333,Saint-Augustin,51.226,-58.6502,33.76,75,46,12.28,CA,2022-04-12 00:05:17
334,Bafoulabe,13.8065,-10.8321,94.33,10,36,5.01,ML,2022-04-12 00:15:45
335,Valparaiso,-33.0393,-71.6273,59.47,61,13,11.77,CL,2022-04-12 00:15:46
336,Maputo,-25.9653,32.5892,67.03,88,22,4.36,MZ,2022-04-12 00:12:12
337,Hofn,64.2539,-15.2082,34.25,92,100,15.41,IS,2022-04-12 00:09:42
338,Waw,7.7029,27.9953,78.35,65,100,4.72,SS,2022-04-12 00:15:47
339,Sfantu Gheorghe,45.8667,25.7833,34.66,87,25,4.99,RO,2022-04-12 00:15:47
340,Chissamba,-12.1667,17.3333,60.37,97,86,2.42,AO,2022-04-12 00:15:47
341,Kushmurun,52.4503,64.6311,42.8,69,100,17.07,KZ,2022-04-12 00:15:48
342,Albany,42.6001,-73.9662,56.05,47,92,4.34,US,2022-04-12 00:15:48
343,Hit,33.6416,42.8251,73.53,28,11,19.42,IQ,2022-04-12 00:15:49
344,Utraula,27.3167,82.4167,76.91,49,63,10.45,IN,2022-04-12 00:15:49
345,Mwene-Ditu,-7.0,23.45,67.35,84,80,2.51,CD,2022-04-12 00:15:50
346,Nantucket,41.2835,-70.0995,48.31,76,0,16.11,US,2022-04-12 00:08:56
347,Tukrah,32.5341,20.5791,54.16,70,4,9.53,LY,2022-04-12 00:15:51
348,Colares,38.7992,-9.4469,57.76,85,92,15.01,PT,2022-04-12 00:11:14
349,Mobaye,4.319,21.1786,71.24,82,72,2.91,CF,2022-04-12 00:15:51
350,Gazli,40.1333,63.45,62.2,72,22,2.33,UZ,2022-04-12 00:15:52
351,Orebro,59.2741,15.2066,32.18,43,0,6.91,SE,2022-04-12 00:15:52
352,Najran,17.4924,44.1277,70.45,19,0,6.29,SA,2022-04-12 00:15:53
353,Portobelo,9.55,-79.65,82.74,84,95,14.32,PA,2022-04-12 00:08:34
354,Ouadda,8.0777,22.4007,73.9,73,94,6.24,CF,2022-04-12 00:15:53
355,Salinopolis,-0.6136,-47.3561,78.51,88,96,8.68,BR,2022-04-12 00:12:32
356,Lima,-12.0432,-77.0282,65.39,62,0,14.97,PE,2022-04-12 00:10:27
357,Mbandaka,0.0487,18.2603,71.91,93,85,2.84,CD,2022-04-12 00:15:54
358,Bull Savanna,17.8868,-77.5902,75.87,79,44,8.57,JM,2022-04-12 00:08:55
359,Adrar,20.5022,-10.0711,81.55,5,100,11.21,MR,2022-04-12 00:08:38
360,Oum Hadjer,13.2954,19.6966,86.2,8,14,6.51,TD,2022-04-12 00:15:55
361,Wlodawa,51.55,23.55,33.94,88,21,5.39,PL,2022-04-12 00:15:55
362,Kudligi,14.9,76.3833,78.49,50,81,8.32,IN,2022-04-12 00:15:56
363,Tinaquillo,9.9186,-68.3047,77.88,69,93,7.87,VE,2022-04-12 00:15:56
364,Chicama,-7.8447,-79.1469,64.94,79,73,7.43,PE,2022-04-12 00:15:57
365,Bardiyah,31.7561,25.0865,56.98,69,7,11.05,LY,2022-04-12 00:15:57
366,Amapa,1.0,-52.0,73.18,98,94,3.65,BR,2022-04-12 00:08:35
367,Port Blair,11.6667,92.75,80.82,73,82,1.59,IN,2022-04-12 00:10:19
368,Paso De Carrasco,-34.8603,-56.0522,66.25,94,0,5.75,UY,2022-04-12 00:15:58
369,Machiques,10.0644,-72.545,84.83,59,90,12.66,VE,2022-04-12 00:15:58
370,Walvis Bay,-22.9575,14.5053,65.95,67,6,3.06,NA,2022-04-12 00:10:56
371,Hornepayne,49.2138,-84.7705,35.67,96,96,16.87,CA,2022-04-12 00:15:59
372,Jacareacanga,-6.2222,-57.7528,74.73,96,78,0.87,BR,2022-04-12 00:15:59
373,Graaff-Reinet,-32.2522,24.5308,61.54,61,52,5.19,ZA,2022-04-12 00:16:01
374,Alexandria,31.2156,29.9553,59.76,62,0,10.58,EG,2022-04-12 00:12:37
375,Drawsko Pomorskie,53.5306,15.8097,30.07,87,13,2.42,PL,2022-04-12 00:16:01
376,Jalu,29.0331,21.5482,61.81,34,0,10.67,LY,2022-04-12 00:08:09
377,Mangrol,21.1167,70.1167,80.13,77,100,7.83,IN,2022-04-12 00:16:02
378,Kuusamo,65.9667,29.1833,28.44,86,75,10.36,FI,2022-04-12 00:16:02
379,Mulchen,-37.7167,-72.2333,49.98,72,100,3.89,CL,2022-04-12 00:16:03
380,Helsinki,60.1695,24.9355,34.88,81,0,3.44,FI,2022-04-12 00:16:03
381,Ischia,40.7342,13.9471,53.58,50,51,3.18,IT,2022-04-12 00:16:04
382,Saint-Denis,48.9167,2.3333,58.78,73,0,11.5,FR,2022-04-12 00:16:04
383,Geraldton,-28.7667,114.6,54.01,94,0,8.05,AU,2022-04-12 00:11:40
384,Bensonville,6.4461,-10.6125,78.24,92,56,3.98,LR,2022-04-12 00:16:05
385,Usinsk,65.9939,57.5281,35.47,100,100,14.94,RU,2022-04-12 00:09:05
386,Lagarto,-10.9172,-37.65,72.14,86,10,4.27,BR,2022-04-12 00:16:06
387,Presidente Dutra,-5.29,-44.49,74.08,96,83,2.01,BR,2022-04-12 00:16:06
388,Mayumba,-3.432,10.6554,76.95,91,89,4.38,GA,2022-04-12 00:16:07
389,Lithakia,37.7167,20.8333,43.97,59,1,2.39,GR,2022-04-12 00:16:07
390,La Primavera,5.4906,-70.4092,79.07,81,99,8.03,CO,2022-04-12 00:16:08
391,Saint-Leu,-21.15,55.2833,76.03,78,26,10.54,RE,2022-04-12 00:16:08
392,Grand-Lahou,5.1367,-5.0242,79.9,90,73,7.05,CI,2022-04-12 00:16:09
393,Mbigou,-1.9005,11.906,68.09,95,89,1.23,GA,2022-04-12 00:16:10
394,Uglerodovskiy,48.147,40.0621,52.9,65,70,12.97,RU,2022-04-12 00:16:10
395,Barcelos,41.5388,-8.6151,55.54,91,74,10.71,PT,2022-04-12 00:16:11
396,Podporozhye,60.9112,34.1706,26.19,97,100,2.48,RU,2022-04-12 00:16:11
397,Bischofshofen,47.4167,13.2167,42.53,90,90,4.72,AT,2022-04-12 00:16:12
398,Vestmannaeyjar,63.4427,-20.2734,40.62,71,100,21.23,IS,2022-04-12 00:16:12
399,Antalaha,-14.9003,50.2788,74.79,85,69,9.26,MG,2022-04-12 00:16:13
400,Belmonte,-15.8631,-38.8828,77.94,76,62,5.21,BR,2022-04-12 00:16:13
401,Cap Malheureux,-19.9842,57.6142,74.46,87,28,5.99,MU,2022-04-12 00:10:38
402,Camacha,33.0833,-16.3333,58.42,77,40,14.97,PT,2022-04-12 00:07:55
403,Mpika,-11.8343,31.4529,62.06,97,69,8.37,ZM,2022-04-12 00:16:14
404,Sao Paulo,-23.5475,-46.6361,73.45,83,65,4.25,BR,2022-04-12 00:14:40
405,Miandrivazo,-19.5167,45.4667,76.01,63,89,6.31,MG,2022-04-12 00:16:14
406,Boyuibe,-20.4167,-63.2833,72.79,88,93,2.51,BO,2022-04-12 00:16:15
407,Kwakoa,-3.7667,37.7167,67.98,93,53,1.88,TZ,2022-04-12 00:16:15
408,Llata,-9.4167,-76.7833,54.37,88,75,3.98,PE,2022-04-12 00:16:16
409,Punta De Bombon,-17.1717,-71.7931,67.26,78,66,6.96,PE,2022-04-12 00:16:16
410,Dori,14.0354,-0.0345,87.66,11,5,2.66,BF,2022-04-12 00:16:17
411,Curillo,1.0333,-75.9191,73.44,97,98,3.04,CO,2022-04-12 00:16:17
412,Breves,-1.6822,-50.4803,74.84,96,99,3.4,BR,2022-04-12 00:16:18
413,San Cristobal,7.7669,-72.225,72.55,73,79,3.15,VE,2022-04-12 00:07:45
414,Bosaso,11.2842,49.1816,81.41,59,0,6.67,SO,2022-04-12 00:16:18
415,Karaton,-6.3424,106.1045,75.27,90,86,1.68,ID,2022-04-12 00:16:19
416,Ilorin,8.5,4.55,79.25,76,74,11.48,NG,2022-04-12 00:12:21
417,Brae,60.3964,-1.353,41.27,70,100,17.49,GB,2022-04-12 00:11:45
418,Vila Franca Do Campo,37.7167,-25.4333,61.21,96,94,9.15,PT,2022-04-12 00:02:55
419,New Cumnock,55.3956,-4.1846,44.33,91,100,6.58,GB,2022-04-12 00:16:20
420,Beyneu,45.3167,55.2,59.58,51,2,8.81,KZ,2022-04-12 00:16:21
421,Saint-Joseph,-21.3667,55.6167,73.78,83,70,16.13,RE,2022-04-12 00:11:15
422,Svetlogorsk,52.6333,29.7333,37.35,70,100,8.63,BY,2022-04-12 00:16:21
423,Boende,-0.2167,20.8667,69.55,88,72,2.62,CD,2022-04-12 00:16:22
424,Cockburn Town,21.4612,-71.1419,76.28,79,50,27.54,TC,2022-04-12 00:08:49
425,Maunabo,18.0072,-65.8993,79.7,81,7,9.48,PR,2022-04-12 00:16:22
426,Santiago Del Estero,-27.7951,-64.2615,64.63,90,100,5.5,AR,2022-04-12 00:12:05
427,Taoudenni,22.6783,-3.9836,82.18,5,97,8.39,ML,2022-04-12 00:07:57
428,Mirnyy,62.5353,113.9611,28.24,33,100,1.99,RU,2022-04-12 00:16:23
429,Gunjur,13.2019,-16.7339,68.07,83,0,12.66,GM,2022-04-12 00:16:19
430,Veriora,58.0079,27.3551,32.4,89,5,4.29,EE,2022-04-12 00:16:23
431,Glencoe,-28.1783,30.147,50.41,94,75,3.56,ZA,2022-04-12 00:16:24
432,Mumford,5.2618,-0.759,81.21,87,90,9.04,GH,2022-04-12 00:16:24
433,Duvan,55.695,57.9024,33.75,91,31,6.44,RU,2022-04-12 00:16:25
434,Marsaxlokk,35.8419,14.5431,56.08,82,0,10.36,MT,2022-04-12 00:16:25
435,Meulaboh,4.1363,96.1285,75.4,88,40,3.06,ID,2022-04-12 00:16:26
436,Denia,38.8408,0.1057,58.75,92,87,8.99,ES,2022-04-12 00:16:26
437,General Roca,-39.0333,-67.5833,54.63,41,84,20.65,AR,2022-04-12 00:16:27
438,Suluova,40.8313,35.6479,44.46,93,75,5.75,TR,2022-04-12 00:16:27
439,Nova Odesa,47.3078,31.7851,42.89,76,100,21.0,UA,2022-04-12 00:16:28
440,Kazanskoye,55.6448,69.235,36.01,67,98,9.53,RU,2022-04-12 00:16:28
441,Port Hawkesbury,45.6169,-61.3485,37.9,92,24,7.0,CA,2022-04-12 00:09:43
442,Maceio,-9.6658,-35.7353,79.12,74,21,7.67,BR,2022-04-12 00:11:41
443,Newport,51.5877,-2.9984,52.68,85,99,7.25,GB,2022-04-12 00:11:58
444,Manicore,-5.8092,-61.3003,76.12,87,88,1.25,BR,2022-04-12 00:16:30
445,Kolchugino,56.3,39.3833,37.49,99,100,6.93,RU,2022-04-12 00:16:30
446,Ndjole,-0.1783,10.7649,73.54,94,99,1.5,GA,2022-04-12 00:16:30
447,Kutahya,39.4242,29.9833,32.05,81,90,6.46,TR,2022-04-12 00:16:31
448,Salta,-24.7859,-65.4117,68.59,77,40,11.5,AR,2022-04-12 00:16:32
449,Masalli,34.7959,126.6553,67.68,79,34,5.77,KR,2022-04-12 00:16:32
450,Trelew,-43.249,-65.3051,56.5,57,87,17.78,AR,2022-04-12 00:16:33
451,Dingle,10.9995,122.6711,74.55,96,100,5.37,PH,2022-04-12 00:09:02
452,Sakaraha,-22.9,44.5333,69.33,59,98,5.44,MG,2022-04-12 00:16:33
453,Krasne,49.9145,24.6134,31.89,87,13,6.22,UA,2022-04-12 00:16:34
454,Tarbes,43.25,0.1667,55.87,67,0,4.61,FR,2022-04-12 00:16:34
455,Narbonne,43.0833,2.8333,55.02,50,96,16.6,FR,2022-04-12 00:16:35
456,Souris,49.6172,-100.2612,34.74,35,100,15.55,CA,2022-04-12 00:16:35
457,Yokadouma,3.5167,15.05,69.94,92,74,1.74,CM,2022-04-12 00:16:36
458,Mehamn,71.0357,27.8492,28.31,89,92,6.49,NO,2022-04-12 00:08:25
459,Lydenburg,-25.0978,30.4597,53.83,96,26,0.38,ZA,2022-04-12 00:16:36
460,Cabedelo,-6.9811,-34.8339,77.67,74,98,7.45,BR,2022-04-12 00:16:37
461,Penzance,50.1186,-5.5371,51.51,94,92,7.43,GB,2022-04-12 00:08:46
462,Krynychky,48.3755,34.467,38.39,90,100,22.17,UA,2022-04-12 00:16:37
463,Mitsamiouli,-11.3847,43.2844,81.97,75,83,7.92,KM,2022-04-12 00:10:38
464,Samana,19.2056,-69.3369,75.85,79,5,8.66,DO,2022-04-12 00:16:38
465,Bria,6.5423,21.9863,72.72,80,70,0.76,CF,2022-04-12 00:16:38
466,Ostersund,63.1792,14.6357,32.61,93,97,14.97,SE,2022-04-12 00:07:54
467,Thessalon,46.2501,-83.5666,46.69,87,100,7.61,CA,2022-04-12 00:15:02
468,Coaticook,45.1334,-71.7991,49.77,70,70,3.74,CA,2022-04-12 00:16:39
469,Inirida,3.8653,-67.9239,76.82,91,88,0.94,CO,2022-04-12 00:11:35
470,Kastamonu,41.5,33.6667,35.1,87,100,13.0,TR,2022-04-12 00:16:40
471,Oistins,13.0667,-59.5333,78.89,83,75,14.97,BB,2022-04-12 00:11:47
472,Marrakesh,31.6315,-8.0083,59.07,67,40,6.91,MA,2022-04-12 00:14:25
473,Kuytun,54.3419,101.5036,26.01,70,100,9.78,RU,2022-04-12 00:16:40
474,Giddalur,15.35,78.9167,74.57,90,49,2.13,IN,2022-04-12 00:16:40
475,Menongue,-14.6585,17.691,61.32,97,98,2.53,AO,2022-04-12 00:16:41
476,Birao,10.2849,22.7882,82.99,37,42,5.01,CF,2022-04-12 00:09:07
477,Panaba,21.2833,-88.2667,83.37,49,9,16.02,MX,2022-04-12 00:10:44
478,Murdochville,48.9583,-65.5006,36.48,95,33,3.67,CA,2022-04-12 00:16:42
479,Ovalle,-30.5983,-71.2003,65.01,55,0,3.62,CL,2022-04-12 00:15:55
480,Dutlwe,-23.9833,23.9,63.88,83,74,12.17,BW,2022-04-12 00:16:43
481,Poprad,49.0614,20.298,28.99,86,20,2.3,SK,2022-04-12 00:16:43
482,Nchelenge,-9.3451,28.734,67.53,91,72,6.04,ZM,2022-04-12 00:16:44
483,Lebu,-37.6167,-73.65,51.71,87,94,5.12,CL,2022-04-12 00:08:00
484,Tenkodogo,11.78,-0.3697,90.57,40,63,14.23,BF,2022-04-12 00:16:44
485,Gibara,21.1097,-76.1317,76.32,77,97,17.56,CU,2022-04-12 00:16:45
486,Luau,-10.7073,22.2247,63.03,93,15,3.56,AO,2022-04-12 00:16:45
487,Gusev,54.5922,22.1997,32.0,80,16,2.08,RU,2022-04-12 00:16:46
488,Carballo,43.213,-8.691,55.09,90,73,8.23,ES,2022-04-12 00:07:50
489,Porto Novo,6.4965,2.6036,80.65,85,44,6.06,BJ,2022-04-12 00:09:25
490,The Valley,18.217,-63.0578,78.1,72,10,13.02,AI,2022-04-12 00:09:33
491,Macamic,48.7502,-78.9996,40.89,74,100,13.82,CA,2022-04-12 00:16:48
492,Siaya,0.0612,34.2882,67.19,79,99,5.39,KE,2022-04-12 00:16:48
493,Galle,6.0367,80.217,80.76,77,96,5.17,LK,2022-04-12 00:16:49
494,Yar-Sale,66.8333,70.8333,33.96,99,100,10.67,RU,2022-04-12 00:07:38
495,Lixourion,38.2019,20.4314,52.23,68,0,4.88,GR,2022-04-12 00:12:42
496,Manaure,11.7751,-72.4445,81.88,66,78,22.46,CO,2022-04-12 00:16:50
497,Becerril,9.7041,-73.2793,83.28,62,93,6.93,CO,2022-04-12 00:16:51
498,Saurimo,-9.6608,20.3916,63.54,89,15,3.69,AO,2022-04-12 00:16:51
499,Fort-Shevchenko,44.5086,50.263,56.19,65,34,12.28,KZ,2022-04-12 00:16:51
500,Rajauri,33.3833,74.3,74.59,20,100,6.6,IN,2022-04-12 00:16:52
501,Saint-Pierre,-21.3393,55.4781,74.91,81,20,21.85,RE,2022-04-12 00:10:00
502,Shubarshi,48.5872,57.1869,47.98,88,1,6.42,KZ,2022-04-12 00:16:53
503,Yerkoy,39.6381,34.4672,37.13,93,100,15.99,TR,2022-04-12 00:09:19
504,Lugazi,0.3772,32.9197,64.26,95,88,2.86,UG,2022-04-12 00:16:53
505,Zemio,5.0314,25.1361,71.69,75,89,3.22,CF,2022-04-12 00:16:54
506,Alghero,40.5589,8.3181,48.29,81,0,4.61,IT,2022-04-12 00:16:54
507,Kisangani,0.5167,25.2,67.84,93,30,0.18,CD,2022-04-12 00:16:55
508,Banyo,6.75,11.8167,72.95,61,82,1.95,CM,2022-04-12 00:16:55
509,Uthal,25.8072,66.6219,76.12,88,0,3.42,PK,2022-04-12 00:16:56
510,Bogotol,56.2078,89.5342,23.83,94,100,4.12,RU,2022-04-12 00:16:57
511,Middleton,53.55,-2.2,51.98,75,100,6.44,GB,2022-04-12 00:16:57
512,Gryazi,52.4966,39.9359,52.68,83,97,13.2,RU,2022-04-12 00:16:58
513,San Alberto,7.7611,-73.3922,80.42,83,54,5.19,CO,2022-04-12 00:16:58
514,Imbituba,-28.24,-48.6703,73.81,95,100,10.83,BR,2022-04-12 00:09:53
515,Braedstrup,55.9708,9.6085,34.65,77,84,3.42,DK,2022-04-12 00:16:59
516,Sibiti,-3.6819,13.3499,67.48,97,95,0.83,CG,2022-04-12 00:16:59
517,Olenino,56.2092,33.4889,33.12,89,100,5.23,RU,2022-04-12 00:17:00
518,Liverpool,53.4106,-2.9779,51.3,69,100,10.36,GB,2022-04-12 00:12:20
519,Abu Kamal,34.4506,40.9171,62.94,46,0,19.89,SY,2022-04-12 00:17:01
520,Aktash,50.3,87.7333,11.46,74,6,3.11,RU,2022-04-12 00:17:01
521,Qaqortoq,60.7167,-46.0333,33.35,52,94,12.93,GL,2022-04-12 00:17:01
522,Gravdal,68.1214,13.5031,38.26,77,100,6.22,NO,2022-04-12 00:17:02
523,Magaria,12.9983,8.9099,85.51,12,51,6.38,NE,2022-04-12 00:17:03
524,Bubaque,11.2833,-15.8333,74.82,76,24,15.61,GW,2022-04-12 00:08:41
525,Kemijarvi,66.7131,27.4306,30.72,91,96,8.79,FI,2022-04-12 00:17:03
526,Sokolo,14.7328,-6.1219,94.19,12,87,5.19,ML,2022-04-12 00:08:51
527,San Miguel De Cauri,-10.1,-76.5833,46.94,92,88,3.87,PE,2022-04-12 00:17:04
528,Kostyantynivka,48.5277,37.7069,55.49,71,99,7.92,UA,2022-04-12 00:17:04
529,Rabo De Peixe,37.8,-25.5833,60.31,94,75,12.66,PT,2022-04-12 00:08:49
530,Louis Trichardt,-23.0439,29.9032,60.08,91,31,2.71,ZA,2022-04-12 00:17:06
531,Newtownards,54.5924,-5.6909,50.74,76,100,6.91,GB,2022-04-12 00:17:06
532,Kindu,-2.95,25.95,68.18,99,99,0.76,CD,2022-04-12 00:17:07
533,Inta,66.0317,60.1659,35.85,100,100,6.98,RU,2022-04-12 00:17:07
534,Hagere Hiywet,8.9833,37.85,63.05,67,97,2.73,ET,2022-04-12 00:17:08
535,Fiche,9.8,38.7333,54.88,46,61,2.64,ET,2022-04-12 00:17:08
536,Camacari,-12.6975,-38.3242,74.37,83,4,5.23,BR,2022-04-12 00:12:12
537,Standerton,-26.9337,29.2415,49.6,98,13,1.54,ZA,2022-04-12 00:17:09
538,Villa Carlos Paz,-31.4241,-64.4978,59.9,45,35,4.0,AR,2022-04-12 00:17:10
539,Visnes,59.3556,5.2242,39.22,75,20,4.61,NO,2022-04-12 00:17:10
540,Naryan-Mar,67.6713,53.087,33.57,96,100,9.01,RU,2022-04-12 00:12:15
541,Maracaju,-21.6144,-55.1683,77.58,65,43,6.26,BR,2022-04-12 00:13:48
542,Aktau,43.65,51.2,50.58,62,9,11.48,KZ,2022-04-12 00:17:11
543,Borba,-4.3878,-59.5939,74.86,97,97,2.24,BR,2022-04-12 00:17:11
544,Scarborough,54.2797,-0.4044,45.97,88,100,5.01,GB,2022-04-12 00:12:39
545,Vibo Valentia,38.6996,16.1274,36.19,53,38,4.5,IT,2022-04-12 00:17:11
546,Ferme-Neuve,46.7001,-75.4493,39.9,88,99,4.21,CA,2022-04-12 00:11:16
547,Kabelvag,68.2114,14.4817,36.54,84,100,7.58,NO,2022-04-12 00:17:12
548,Andros Town,24.7,-77.7667,73.36,60,0,18.48,BS,2022-04-12 00:09:31
549,Kattivakkam,13.2167,80.3167,84.29,85,64,4.56,IN,2022-04-12 00:11:30
550,Chernaya Kholunitsa,58.8511,51.7154,35.19,98,100,5.64,RU,2022-04-12 00:17:13
551,Ayagoz,47.9714,80.4392,34.65,56,83,13.67,KZ,2022-04-12 00:17:14
552,Kentau,43.5206,68.5094,61.36,59,59,9.4,KZ,2022-04-12 00:17:14
553,Nuwara Eliya,6.9708,80.7829,57.85,93,100,2.06,LK,2022-04-12 00:17:15
554,Dinard,48.6314,-2.0614,59.38,74,0,10.36,FR,2022-04-12 00:17:15
555,Awbari,26.5921,12.7805,69.21,24,19,14.9,LY,2022-04-12 00:17:16
556,Lekoni,-1.5843,14.2591,73.18,85,92,2.55,GA,2022-04-12 00:17:16
557,Bure,10.7,37.0667,66.78,43,87,4.61,ET,2022-04-12 00:17:17
558,Kongsberg,59.6652,9.6465,35.42,78,87,2.86,NO,2022-04-12 00:17:17
559,Maromitsa,59.8683,48.0123,38.5,99,100,7.49,RU,2022-04-12 00:17:18
560,Drumnadrochit,57.3344,-4.4799,46.09,88,100,6.76,GB,2022-04-12 00:17:18
561,Podgornoye,51.735,39.1496,53.82,66,0,13.42,RU,2022-04-12 00:17:19
562,Boa Vista,2.8197,-60.6733,87.78,51,0,9.22,BR,2022-04-12 00:16:42
563,Tefe,-3.3542,-64.7114,74.95,97,99,1.92,BR,2022-04-12 00:17:19
564,Inhambane,-23.865,35.3833,74.89,89,95,4.36,MZ,2022-04-12 00:10:55
565,Shache,38.4167,77.2406,63.72,25,91,6.53,CN,2022-04-12 00:13:39
566,Bara,10.3744,10.7288,89.31,29,73,2.26,NG,2022-04-12 00:12:19
567,Pontes E Lacerda,-15.2261,-59.3353,75.97,83,18,3.74,BR,2022-04-12 00:17:21
568,Lenger,42.183,69.8839,56.64,78,61,9.69,KZ,2022-04-12 00:17:22
569,San Andres,12.5847,-81.7006,80.62,83,40,11.5,CO,2022-04-12 00:16:24
570,Darnah,32.767,22.6367,55.87,70,1,12.08,LY,2022-04-12 00:17:23
571,Mecca,21.4267,39.8261,81.25,31,0,2.39,SA,2022-04-12 00:17:23
572,Hatillo,18.4863,-66.8254,79.79,80,19,5.99,PR,2022-04-12 00:17:23
573,Vangaindrano,-23.35,47.6,71.2,91,76,2.01,MG,2022-04-12 00:17:24
574,Male,4.1748,73.5089,83.75,72,85,11.54,MV,2022-04-12 00:17:25
575,Rubiataba,-15.1644,-49.8033,72.16,85,99,1.86,BR,2022-04-12 00:17:25
576,Sao Felix Do Xingu,-6.6447,-51.995,73.13,98,50,2.62,BR,2022-04-12 00:10:13
577,Varna,43.2167,27.9167,41.43,92,66,3.44,BG,2022-04-12 00:17:26
578,Calama,-22.4667,-68.9333,53.49,36,0,6.26,CL,2022-04-12 00:10:28
579,Clearwater,27.9659,-82.8001,76.1,73,0,8.01,US,2022-04-12 00:17:27
580,Venice,27.0998,-82.4543,76.05,73,0,1.01,US,2022-04-12 00:12:33
581,Kautokeino,69.0125,23.0412,28.72,79,100,15.46,NO,2022-04-12 00:17:28
582,Sisimiut,66.9395,-53.6735,27.07,80,100,3.96,GL,2022-04-12 00:09:25
583,Madimba,-10.4,40.3333,76.64,90,25,9.33,TZ,2022-04-12 00:17:28
584,Chieri,45.014,7.8223,53.42,59,73,2.93,IT,2022-04-12 00:17:29
585,Nokaneng,-19.6667,22.2667,73.33,58,92,3.8,BW,2022-04-12 00:17:29
586,Bulaevo,54.9056,70.4439,35.44,66,100,11.39,KZ,2022-04-12 00:17:30
587,Dabola,10.75,-11.1167,83.57,48,100,3.44,GN,2022-04-12 00:17:30
588,Emba,48.8264,58.1442,49.03,76,8,5.28,KZ,2022-04-12 00:09:55
589,Manyana,-23.4,21.7167,65.84,62,0,2.1,BW,2022-04-12 00:17:31
590,Gerash,27.6652,54.1371,66.34,13,0,6.24,IR,2022-04-12 00:17:31
591,Novyy Rogachik,48.6768,44.0608,50.81,73,3,10.31,RU,2022-04-12 00:17:32
592,Ceres,37.5949,-120.9577,62.37,32,20,25.32,US,2022-04-12 00:17:32
593,Isla Mujeres,21.2311,-86.731,80.65,79,75,17.4,MX,2022-04-12 00:17:31
594,Padang,-0.9492,100.3543,75.25,85,90,3.33,ID,2022-04-12 00:08:48
595,Jeremie,18.65,-74.1167,77.92,83,32,12.84,HT,2022-04-12 00:09:14
596,Surt,31.2089,16.5887,58.33,68,32,13.24,LY,2022-04-12 00:09:16
597,Kinshasa,-4.3246,15.3215,71.71,95,92,1.43,CD,2022-04-12 00:17:34
598,Coihaique,-45.5752,-72.0662,44.55,65,20,3.44,CL,2022-04-12 00:08:56
599,Kusa,55.3383,59.4406,34.09,96,88,3.49,RU,2022-04-12 00:17:34
600,Copiapo,-27.3667,-70.3333,61.95,68,0,3.53,CL,2022-04-12 00:17:34
601,Kita,13.0349,-9.4895,93.9,18,80,2.19,ML,2022-04-12 00:17:35
602,Palasa,18.7667,84.4167,76.46,92,36,8.34,IN,2022-04-12 00:17:36
603,Harrisburg,40.2737,-76.8844,60.94,42,20,11.5,US,2022-04-12 00:14:28
604,Qostanay,53.1667,63.5833,44.89,57,0,8.95,KZ,2022-04-12 00:17:36
605,Puerto Madryn,-42.7692,-65.0385,58.19,53,80,22.17,AR,2022-04-12 00:02:58
606,Cavalcante,-13.7975,-47.4583,74.8,66,78,1.41,BR,2022-04-12 00:17:37
607,Srostki,52.4189,85.7022,31.66,75,12,6.13,RU,2022-04-12 00:17:37
608,Belize,17.25,-88.75,86.32,78,69,6.46,BZ,2022-04-12 00:17:38
609,Kontagora,10.3999,5.4695,85.8,43,76,8.59,NG,2022-04-12 00:17:38
610,Leh,34.1667,77.5833,31.3,56,100,4.38,IN,2022-04-12 00:09:32
611,Nea Malgara,40.6094,22.6817,50.43,68,1,6.89,GR,2022-04-12 00:17:39
612,Lucapa,-8.4192,20.7447,65.89,89,96,3.36,AO,2022-04-12 00:17:39
613,Catamarca,-28.4696,-65.7852,67.77,74,22,5.39,AR,2022-04-12 00:08:56
614,Chitrakonda,18.1167,82.0833,74.3,67,71,2.3,IN,2022-04-12 00:17:40
615,Soure,-0.7167,-48.5233,78.58,86,97,5.46,BR,2022-04-12 00:15:51
616,Kankon,15.0167,74.0167,82.2,84,99,0.58,IN,2022-04-12 00:17:41
617,Santa Isabel Do Rio Negro,-0.4139,-65.0192,74.5,98,99,1.43,BR,2022-04-12 00:10:20
618,Dhule,20.9,74.7833,84.51,27,95,5.12,IN,2022-04-12 00:17:41
619,Rock Sound,24.9,-76.2,72.52,64,0,20.98,BS,2022-04-12 00:17:42
620,Storforshei,66.4043,14.5233,29.66,79,84,4.61,NO,2022-04-12 00:17:42
621,Gornopravdinsk,60.05,69.9,26.74,98,70,4.32,RU,2022-04-12 00:10:21
622,Manavalakurichi,8.1333,77.3,78.96,82,100,3.04,IN,2022-04-12 00:12:34
623,La Romana,18.4273,-68.9728,77.36,78,20,4.61,DO,2022-04-12 00:17:43
624,Vila Do Maio,15.1333,-23.2167,70.59,79,68,16.06,CV,2022-04-12 00:17:44
625,Methoni,36.8197,21.7049,54.21,64,1,2.82,GR,2022-04-12 00:17:44
626,Santa Vitoria,-18.8386,-50.1214,74.08,78,24,3.0,BR,2022-04-12 00:17:45
627,Arroio Grande,-32.2375,-53.0869,68.22,91,92,3.98,BR,2022-04-12 00:17:45
628,Milan,45.4643,9.1895,52.25,42,0,4.0,IT,2022-04-12 00:17:46
629,Mastung,29.7994,66.845,64.6,21,30,0.29,PK,2022-04-12 00:17:46
630,Kalabo,-14.97,22.6814,66.81,92,99,5.19,ZM,2022-04-12 00:17:47
631,Gidam,18.9833,81.4,75.76,59,100,2.91,IN,2022-04-12 00:17:47
632,Almeirim,-1.5233,-52.5817,75.27,95,100,2.46,BR,2022-04-12 00:17:48
633,Cabrobo,-8.5142,-39.31,78.75,68,53,12.93,BR,2022-04-12 00:17:48
634,Balykshi,47.0667,51.8667,48.2,87,1,8.95,KZ,2022-04-12 00:17:49
635,Korgen,66.0771,13.8153,30.18,95,95,2.57,NO,2022-04-12 00:17:49
636,Los Algarrobos,8.5,-82.4333,82.81,70,20,4.61,PA,2022-04-12 00:16:08
637,Ericeira,38.9627,-9.4156,57.78,91,100,13.09,PT,2022-04-12 00:17:50
638,Vranjska Banja,42.555,21.9922,32.49,72,1,3.74,RS,2022-04-12 00:17:50
639,Malatya,38.5,38.0,41.05,76,75,11.5,TR,2022-04-12 00:10:12
640,Kabale,-1.2486,29.9899,56.19,88,95,2.13,UG,2022-04-12 00:17:51
641,Pelileo,-1.3167,-78.5333,58.37,42,98,3.87,EC,2022-04-12 00:17:52
642,Foix,42.8333,1.5833,45.77,74,96,8.88,FR,2022-04-12 00:17:52
643,Sakakah,29.9697,40.2064,70.07,25,38,15.12,SA,2022-04-12 00:08:42
644,Tahoua,14.8888,5.2692,91.67,18,57,1.97,NE,2022-04-12 00:17:52
645,Ous,60.9058,61.5186,31.37,97,20,5.1,RU,2022-04-12 00:17:53
646,Harbour Breton,47.4833,-55.7983,37.92,73,100,21.23,CA,2022-04-12 00:17:53
647,El Alto,-4.2714,-81.2147,69.78,80,53,15.46,PE,2022-04-12 00:17:54
648,Mutare,-18.9707,32.6709,61.09,98,91,0.63,ZW,2022-04-12 00:17:54
649,Thurso,58.5927,-3.5259,43.05,87,100,27.94,GB,2022-04-12 00:17:55
650,Mezen,65.8522,44.24,33.1,96,98,6.82,RU,2022-04-12 00:17:55
651,Manaus,-3.1019,-60.025,82.89,83,75,5.75,BR,2022-04-12 00:17:56
652,Champua,22.0833,85.6667,75.87,58,49,2.48,IN,2022-04-12 00:17:57
653,Akhmim,26.5622,31.745,68.25,44,2,17.2,EG,2022-04-12 00:17:57
654,Hopkinsville,36.8656,-87.4886,60.03,95,100,1.01,US,2022-04-12 00:13:55
655,Preili,56.2944,26.7246,34.27,98,53,5.23,LV,2022-04-12 00:17:58
656,Nuristan,35.3,70.8333,34.02,66,71,8.25,AF,2022-04-12 00:15:17
657,Moju,-1.8839,-48.7689,73.4,99,94,2.24,BR,2022-04-12 00:17:58
658,Trairi,-3.2778,-39.2689,77.86,85,50,7.18,BR,2022-04-12 00:17:52
659,Mastic Beach,40.7668,-72.8521,47.98,74,0,13.0,US,2022-04-12 00:17:59
660,Salekhard,66.53,66.6019,33.64,100,100,6.69,RU,2022-04-12 00:17:59
661,Mahon,39.8885,4.2658,55.96,88,0,16.11,ES,2022-04-12 00:18:00
662,Timmins,48.4669,-81.3331,39.36,83,91,13.96,CA,2022-04-12 00:14:48
663,Champaign,40.1334,-88.2001,57.99,54,100,5.75,US,2022-04-12 00:18:00
664,Talnakh,69.4865,88.3972,9.21,91,75,9.69,RU,2022-04-12 00:11:10
665,Severodvinsk,64.5635,39.8302,33.91,95,100,6.24,RU,2022-04-12 00:18:01
666,Camocim,-2.9022,-40.8411,77.79,90,97,9.06,BR,2022-04-12 00:12:08
667,Mantua,45.1667,10.7833,48.34,74,97,1.99,IT,2022-04-12 00:10:57
668,Barranca,-10.75,-77.7667,67.28,85,98,9.04,PE,2022-04-12 00:18:02
669,Omboue,-1.5746,9.2618,77.59,91,78,4.41,GA,2022-04-12 00:10:41
670,Koungou,-12.7336,45.2042,78.51,94,0,2.3,YT,2022-04-12 00:18:03
671,Trofors,65.5333,13.4063,15.62,97,40,3.36,NO,2022-04-12 00:18:03
672,Santa Maria,-29.6842,-53.8069,67.75,91,100,3.38,BR,2022-04-12 00:15:29
673,Glinka,54.6404,32.8781,34.79,91,100,6.6,RU,2022-04-12 00:18:04
674,Katete,-0.7818,29.7544,59.18,96,89,3.51,UG,2022-04-12 00:18:05
675,Soma,39.1855,27.6094,39.92,91,59,3.33,TR,2022-04-12 00:18:05
676,Zhanakorgan,43.9098,67.2495,63.63,67,88,8.28,KZ,2022-04-12 00:11:58
677,Karimpur,23.9667,88.6167,79.95,88,41,4.83,IN,2022-04-12 00:18:06
678,Antofagasta,-23.65,-70.4,60.73,86,15,5.79,CL,2022-04-12 00:16:48
679,Morrope,-6.5417,-80.0111,70.12,79,98,16.67,PE,2022-04-12 00:18:07
680,Envira,-7.3,-70.2167,73.49,97,48,2.51,BR,2022-04-12 00:18:07
681,Hualmay,-11.0964,-77.6139,67.73,86,94,10.29,PE,2022-04-12 00:18:08
682,Lamu,-2.2717,40.902,83.82,70,98,14.43,KE,2022-04-12 00:18:08
683,Salalah,17.0151,54.0924,78.89,89,40,1.14,OM,2022-04-12 00:11:24
684,Altayskoye,51.9533,85.3325,32.16,81,13,4.25,RU,2022-04-12 00:18:09
685,Conde,-7.2597,-34.9075,76.06,79,99,6.22,BR,2022-04-12 00:12:08
686,Lumeje,-11.55,20.7833,67.19,80,98,4.97,AO,2022-04-12 00:18:09
687,Puerto Del Rosario,28.5004,-13.8627,65.95,68,20,9.22,ES,2022-04-12 00:08:23
688,Atocha,-20.9333,-66.2333,48.92,15,0,12.62,BO,2022-04-12 00:18:10
689,Cap-Aux-Meules,47.3821,-61.8597,35.65,80,75,14.97,CA,2022-04-12 00:18:10
690,Bidar,17.9,77.55,83.17,37,88,7.31,IN,2022-04-12 00:18:11
691,Yenagoa,4.9247,6.2642,77.0,92,81,2.89,NG,2022-04-12 00:18:11
692,Sabang,5.8933,95.3214,82.15,75,69,8.41,ID,2022-04-12 00:17:09
693,Bunia,1.5667,30.25,62.76,92,99,2.46,CD,2022-04-12 00:18:12
694,Ongandjera,-17.8833,15.0667,69.03,76,77,12.77,NA,2022-04-12 00:18:12
695,Soltsy,58.1239,30.3238,31.19,94,93,3.38,RU,2022-04-12 00:18:13
